Date, Time,Temperature,pH,Dissolved_Oxygen
05/05/2021,7:00,32.90,8.48,72.59
05/05/2021,7:30,30.24,9.55,67.75
05/05/2021,8:00,32.73,8.38,54.65
05/05/2021,8:30,29.79,7.85,45.08
05/05/2021,9:00,26.92,7.93,54.87
05/05/2021,9:30,29.53,6.51,27.65
05/05/2021,10:00,31.99,7.18,74.77
05/05/2021,10:30,30.47,9.56,62.45
05/05/2021,11:00,30.93,8.15,58.60
05/05/2021,11:30,30.72,8.14,70.50
05/05/2021,12:00,33.56,6.33,28.64
05/05/2021,12:30,31.70,8.75,42.40
05/05/2021,13:00,31.62,6.23,77.71
05/05/2021,13:30,33.32,9.18,77.14
05/05/2021,14:00,25.79,6.75,71.00
05/05/2021,14:30,31.96,8.50,62.35
05/05/2021,15:00,25.36,6.44,76.01
05/05/2021,15:30,29.55,7.94,44.85
05/05/2021,16:00,32.12,7.24,60.14
05/05/2021,16:30,33.04,7.98,51.28
05/05/2021,17:00,30.70,9.77,59.90
05/05/2021,17:30,27.95,7.31,29.58
05/05/2021,18:00,31.43,8.85,80.76
05/05/2021,18:30,26.84,9.16,77.66
05/05/2021,19:00,27.92,6.17,80.67
05/05/2021,19:30,27.77,9.66,38.41
05/05/2021,20:00,32.36,6.87,43.32
05/05/2021,20:30,31.31,8.21,51.50
05/05/2021,21:00,26.66,7.67,45.01
05/05/2021,21:30,27.20,7.14,59.35
05/05/2021,22:00,28.32,9.14,51.53
05/05/2021,22:30,32.61,7.28,68.01
05/05/2021,23:00,26.94,9.76,57.50
05/05/2021,23:30,26.96,6.78,80.56
06/05/2021,0:00,27.88,8.78,31.84
06/05/2021,0:30,29.31,8.55,53.77
06/05/2021,1:30,31.07,6.36,29.88
06/05/2021,2:30,32.25,8.00,45.96
06/05/2021,3:30,28.89,7.42,44.53
06/05/2021,4:30,27.01,7.22,57.10
06/05/2021,5:30,26.94,8.04,77.24
06/05/2021,6:30,26.28,6.20,65.88
06/05/2021,7:30,26.38,8.54,41.76
06/05/2021,8:30,28.78,7.68,54.33
06/05/2021,9:30,31.81,9.65,58.73
06/05/2021,10:30,26.38,9.71,78.64
06/05/2021,11:30,26.28,8.27,63.93
06/05/2021,12:30,28.93,6.79,55.04
06/05/2021,13:30,26.67,8.89,37.53
06/05/2021,14:30,27.70,8.18,63.74
06/05/2021,15:30,33.25,8.78,55.41
06/05/2021,16:30,29.64,7.84,38.67
06/05/2021,17:30,27.34,7.00,62.25
06/05/2021,18:30,25.01,7.68,37.55
06/05/2021,19:30,25.01,8.77,33.85
06/05/2021,20:30,27.32,9.23,59.59
06/05/2021,21:30,29.73,7.73,56.93
06/05/2021,22:30,30.13,8.51,36.27
06/05/2021,23:30,27.46,7.04,61.53
07/05/2021,0:30,25.21,8.25,30.80
07/05/2021,1:30,32.44,9.71,45.35
07/05/2021,2:30,29.46,8.99,27.79
07/05/2021,3:30,29.86,7.64,70.52
07/05/2021,4:30,27.07,7.20,52.92
07/05/2021,5:30,32.56,6.34,27.10
07/05/2021,6:30,29.67,6.27,28.68
07/05/2021,7:30,31.02,6.45,52.04
07/05/2021,8:30,32.83,7.45,73.41
07/05/2021,9:30,27.36,8.74,27.09
07/05/2021,10:30,32.24,9.01,47.08
07/05/2021,11:30,27.56,6.46,63.88
07/05/2021,12:30,33.53,8.09,59.49
07/05/2021,13:30,26.55,8.49,40.34
07/05/2021,14:30,27.68,6.81,79.93
07/05/2021,15:30,26.31,8.51,26.70
07/05/2021,16:30,27.09,8.58,29.72
07/05/2021,17:30,28.70,8.06,29.81
07/05/2021,18:30,27.50,8.03,68.31
07/05/2021,19:30,27.58,7.13,25.37
07/05/2021,20:30,25.92,9.36,71.42
07/05/2021,21:30,28.25,7.78,25.15
07/05/2021,22:30,30.86,7.38,35.76
07/05/2021,23:30,31.00,6.86,27.96
08/05/2021,0:30,26.46,6.54,77.05
08/05/2021,1:30,27.84,6.46,40.05
08/05/2021,2:30,25.76,7.63,50.97
08/05/2021,3:30,28.17,8.83,56.73
08/05/2021,4:30,31.79,8.42,41.91
08/05/2021,5:30,29.83,7.94,27.95
08/05/2021,6:30,31.47,8.83,65.95
08/05/2021,7:30,30.95,6.33,49.50
08/05/2021,8:30,29.04,8.43,54.58
08/05/2021,9:30,26.34,6.86,71.20
08/05/2021,10:30,26.77,6.25,50.10
08/05/2021,11:30,26.93,8.99,72.18
08/05/2021,12:30,31.40,7.71,64.86
08/05/2021,13:30,33.76,8.02,62.35
08/05/2021,14:30,30.38,7.07,31.62
08/05/2021,15:30,26.25,7.31,46.84
08/05/2021,16:30,31.24,7.10,61.42
08/05/2021,17:30,28.13,7.71,36.41
08/05/2021,18:30,27.62,9.15,59.01
08/05/2021,19:30,27.18,8.45,76.47
08/05/2021,20:30,29.68,9.23,26.33
08/05/2021,21:30,25.78,7.18,68.01
08/05/2021,22:30,26.33,8.96,49.67
08/05/2021,23:30,28.23,6.60,27.20
08/05/2021,0:30,26.69,6.72,29.36
08/05/2021,1:30,31.75,8.62,65.41
08/05/2021,2:30,27.69,6.38,55.85
08/05/2021,3:30,32.22,8.53,78.79
08/05/2021,4:30,27.54,7.42,70.08
08/05/2021,5:30,30.12,9.93,51.67
08/05/2021,6:30,28.83,6.54,50.88
08/05/2021,7:30,27.27,8.12,37.04
08/05/2021,8:30,33.37,6.75,78.75
08/05/2021,9:30,33.44,7.60,27.20
08/05/2021,10:30,30.52,6.02,35.34
08/05/2021,11:30,26.26,9.97,33.24
08/05/2021,12:30,29.94,6.45,59.84
08/05/2021,13:30,33.61,6.44,72.83
08/05/2021,14:30,27.24,7.48,53.90
08/05/2021,15:30,28.23,9.97,26.03
08/05/2021,16:30,31.62,8.96,64.21
08/05/2021,17:30,30.71,9.72,39.78
08/05/2021,18:30,32.50,9.62,27.45
08/05/2021,19:30,30.02,6.46,39.22
08/05/2021,20:30,29.70,7.87,42.80
08/05/2021,21:30,26.89,8.08,72.26
08/05/2021,22:30,26.76,8.12,61.77
08/05/2021,23:30,25.73,6.43,43.38
09/05/2021,0:30,29.47,6.89,65.92
09/05/2021,1:30,29.38,9.94,41.14
09/05/2021,2:30,32.07,8.48,28.89
09/05/2021,3:30,32.59,8.45,64.10
09/05/2021,4:30,31.82,9.92,48.67
09/05/2021,5:30,26.31,8.36,44.73
09/05/2021,6:30,28.09,7.36,61.27
09/05/2021,7:30,27.19,7.67,63.51
09/05/2021,8:30,25.72,7.79,64.39
09/05/2021,9:30,33.61,9.45,34.97
09/05/2021,10:30,33.42,7.39,52.27
09/05/2021,11:30,29.58,8.49,36.81
09/05/2021,12:30,29.45,7.40,42.31
09/05/2021,13:30,30.47,7.38,52.51
09/05/2021,14:30,27.68,7.75,41.07
09/05/2021,15:30,32.71,8.03,38.09
09/05/2021,16:30,28.96,6.08,60.93
09/05/2021,17:30,30.77,7.47,43.17
09/05/2021,18:30,30.66,6.76,60.75
09/05/2021,19:30,27.44,8.60,68.64
09/05/2021,20:30,28.60,9.81,80.75
09/05/2021,21:30,28.49,6.23,42.70
09/05/2021,22:30,28.12,7.80,25.79
09/05/2021,23:30,27.33,7.11,37.32
10/05/2021,0:30,29.28,6.09,49.57
10/05/2021,1:30,33.58,6.96,70.04
10/05/2021,2:30,31.10,7.60,25.37
10/05/2021,3:30,30.12,8.98,42.38
10/05/2021,4:30,32.46,9.22,63.42
10/05/2021,5:30,33.79,9.39,50.63
10/05/2021,6:30,27.74,7.22,37.13
10/05/2021,7:30,26.73,7.76,54.75
10/05/2021,8:30,28.33,9.24,65.66
10/05/2021,9:30,27.10,9.04,68.89
10/05/2021,10:30,31.06,8.87,63.82
10/05/2021,11:30,31.90,8.02,76.80
10/05/2021,12:30,28.69,7.61,67.87
10/05/2021,13:30,27.75,8.80,43.62
10/05/2021,14:30,29.70,7.32,56.58
10/05/2021,15:30,26.27,9.06,73.77
10/05/2021,16:30,25.22,7.93,56.73
10/05/2021,17:30,30.45,8.36,47.06
10/05/2021,18:30,26.45,8.85,47.86
10/05/2021,19:30,25.39,6.82,41.05
10/05/2021,20:30,30.63,8.26,78.86
10/05/2021,21:30,33.02,8.83,25.52
10/05/2021,22:30,27.71,7.63,56.48
10/05/2021,23:30,26.44,7.05,69.87
11/05/2021,0:30,27.58,7.17,34.91
11/05/2021,1:30,26.41,7.78,70.30
11/05/2021,2:30,30.31,8.31,28.85
11/05/2021,3:30,33.53,8.19,75.99
11/05/2021,4:30,30.92,7.64,57.13
11/05/2021,5:30,30.93,7.69,35.85
11/05/2021,6:30,28.17,8.75,55.85
11/05/2021,7:30,31.47,8.42,48.26
11/05/2021,8:30,26.41,7.71,32.46
11/05/2021,9:30,26.16,7.53,62.93
11/05/2021,10:30,30.18,8.42,41.95
11/05/2021,11:30,30.52,7.07,31.32
11/05/2021,12:30,26.19,7.32,47.07
11/05/2021,13:30,31.07,9.86,74.52
11/05/2021,14:30,26.96,6.13,72.24
11/05/2021,15:30,30.03,8.69,78.56
11/05/2021,16:30,28.74,7.49,37.48
11/05/2021,17:30,28.94,9.36,27.06
11/05/2021,18:30,27.89,8.66,75.34
11/05/2021,19:30,26.18,8.63,76.19
11/05/2021,20:30,28.18,6.71,75.22
11/05/2021,21:30,30.63,9.23,33.70
11/05/2021,22:30,27.78,9.03,43.57
11/05/2021,23:30,31.89,8.14,44.39
12/05/2021,0:30,27.57,8.15,45.70
12/05/2021,1:30,26.23,6.35,60.98
12/05/2021,2:30,32.20,6.98,69.14
12/05/2021,3:30,29.42,7.51,69.09
12/05/2021,4:30,26.73,8.74,67.20
12/05/2021,5:30,28.24,7.38,76.38
12/05/2021,6:30,26.90,7.03,78.96
12/05/2021,7:30,27.27,8.35,50.76
12/05/2021,8:30,29.88,7.09,33.10
12/05/2021,9:30,32.18,8.95,50.97
12/05/2021,10:30,27.34,7.91,79.58
12/05/2021,11:30,26.79,8.26,49.56
12/05/2021,12:30,27.62,8.39,30.51
12/05/2021,13:30,28.69,8.48,52.85
12/05/2021,14:30,31.67,8.85,71.82
12/05/2021,15:30,33.85,7.32,56.66
12/05/2021,16:30,29.79,7.50,40.42
12/05/2021,17:30,29.12,7.67,44.29
12/05/2021,18:30,29.90,7.05,30.28
12/05/2021,19:30,29.41,7.39,33.43
12/05/2021,20:30,30.83,9.65,52.23
12/05/2021,21:30,28.61,8.88,53.79
12/05/2021,22:30,26.04,7.40,67.67
12/05/2021,23:30,28.95,8.05,50.49
13/05/2021,0:30,25.59,7.89,42.81
13/05/2021,1:30,27.71,7.89,57.53
13/05/2021,2:30,27.22,8.43,50.65
13/05/2021,3:30,31.97,9.35,77.29
13/05/2021,4:30,32.08,7.95,63.38
13/05/2021,5:30,30.64,8.07,54.98
13/05/2021,6:30,27.72,8.31,27.72
13/05/2021,7:30,26.03,6.62,64.24
13/05/2021,8:30,31.80,8.64,52.02
13/05/2021,9:30,29.34,9.78,34.00
13/05/2021,10:30,28.57,9.54,71.25
13/05/2021,11:30,29.07,8.53,27.05
13/05/2021,12:30,29.85,8.51,45.90
13/05/2021,13:30,31.20,8.51,40.85
13/05/2021,14:30,29.82,8.58,37.81
13/05/2021,15:30,30.85,8.23,42.41
13/05/2021,16:30,30.60,8.80,39.03
13/05/2021,17:30,27.52,8.93,33.12
13/05/2021,18:30,30.23,7.34,29.67
13/05/2021,19:30,30.27,7.69,71.88
13/05/2021,20:30,25.35,8.20,46.43
13/05/2021,21:30,31.34,7.93,53.48
13/05/2021,22:30,31.58,9.87,42.17
13/05/2021,23:30,32.66,7.29,37.22
14/05/2021,0:30,28.41,8.78,36.71
14/05/2021,1:30,32.86,7.87,32.85
14/05/2021,2:30,27.63,7.91,57.78
14/05/2021,3:30,27.91,8.15,34.82
14/05/2021,4:30,31.72,9.91,73.02
14/05/2021,5:30,33.84,8.28,50.74
14/05/2021,6:30,25.30,7.49,76.87
14/05/2021,7:30,28.05,6.92,47.59
14/05/2021,8:30,31.94,7.80,43.34
14/05/2021,9:30,27.08,7.53,51.95
14/05/2021,10:30,27.83,8.77,38.38
14/05/2021,11:30,26.94,8.32,74.88
14/05/2021,12:30,29.28,8.02,77.51
14/05/2021,13:30,31.77,7.90,55.66
14/05/2021,14:30,32.05,7.23,57.21
14/05/2021,15:30,26.11,8.82,75.29
14/05/2021,16:30,28.81,6.13,68.82
14/05/2021,17:30,26.88,7.58,69.43
14/05/2021,18:30,30.26,6.98,33.12
14/05/2021,19:30,33.40,6.12,49.43
14/05/2021,20:30,32.76,9.22,76.30
14/05/2021,21:30,31.98,8.31,47.65
14/05/2021,22:30,30.97,8.74,75.57
14/05/2021,23:30,31.92,8.69,37.91
15/05/2021,0:30,32.36,7.08,61.27
15/05/2021,1:30,27.39,8.87,32.92
15/05/2021,2:30,27.51,7.35,64.12
15/05/2021,3:30,27.09,7.98,56.90
15/05/2021,4:30,27.70,8.30,28.47
15/05/2021,5:30,31.41,9.89,45.88
15/05/2021,6:30,25.47,8.72,78.92
15/05/2021,7:30,30.99,9.25,59.57
15/05/2021,8:30,28.57,7.97,32.04
15/05/2021,9:30,28.54,7.02,29.39
15/05/2021,10:30,31.42,8.22,58.95
15/05/2021,11:30,26.39,6.92,80.13
15/05/2021,12:30,29.77,8.07,45.31
15/05/2021,13:30,26.24,9.13,47.13
15/05/2021,14:30,32.18,8.53,31.68
15/05/2021,15:30,31.10,8.20,51.59
15/05/2021,16:30,33.59,8.32,41.91
15/05/2021,17:30,32.26,8.80,58.86
15/05/2021,18:30,28.46,6.38,32.60
15/05/2021,19:30,26.14,6.17,51.65
15/05/2021,20:30,33.15,6.10,39.83
15/05/2021,21:30,27.15,6.28,49.86
15/05/2021,22:30,31.56,8.08,62.03
15/05/2021,23:30,28.27,6.42,57.18
16/05/2021,0:30,31.48,6.60,71.60
16/05/2021,1:30,27.35,8.37,28.29
16/05/2021,2:30,30.05,8.79,38.25
16/05/2021,3:30,26.12,9.15,79.72
16/05/2021,4:30,33.29,8.73,55.57
16/05/2021,5:30,28.32,6.63,74.35
16/05/2021,6:30,27.57,7.01,38.32
16/05/2021,7:30,31.58,6.47,29.69
16/05/2021,8:30,27.70,7.50,78.73
16/05/2021,9:30,33.95,8.91,48.37
16/05/2021,10:30,25.13,6.94,66.10
16/05/2021,11:30,27.46,8.24,69.68
16/05/2021,12:30,30.03,8.70,78.36
16/05/2021,13:30,32.84,6.76,80.89
16/05/2021,14:30,33.02,9.31,26.72
16/05/2021,15:30,27.90,9.15,26.52
16/05/2021,16:30,31.79,7.82,30.09
16/05/2021,17:30,32.32,8.68,74.66
16/05/2021,18:30,26.47,7.83,62.20
16/05/2021,19:30,30.78,6.39,66.35
16/05/2021,20:30,28.48,7.68,40.99
16/05/2021,21:30,32.64,6.83,77.34
16/05/2021,22:30,32.41,6.68,74.71
16/05/2021,23:30,26.16,8.12,80.92
17/05/2021,0:30,27.21,8.94,63.77
17/05/2021,1:30,33.07,7.72,35.43
17/05/2021,2:30,30.37,9.87,72.50
17/05/2021,3:30,30.69,7.33,32.16
17/05/2021,4:30,26.91,6.33,77.87
17/05/2021,5:30,26.44,7.33,69.12
17/05/2021,6:30,31.15,8.69,34.29
17/05/2021,7:30,31.42,6.12,69.53
17/05/2021,8:30,27.39,8.88,71.51
17/05/2021,9:30,30.47,6.85,56.18
17/05/2021,10:30,32.84,8.11,78.15
17/05/2021,11:30,28.43,6.04,27.45
17/05/2021,12:30,32.50,7.80,25.60
17/05/2021,13:30,27.40,6.11,60.23
17/05/2021,14:30,29.00,7.78,77.87
17/05/2021,15:30,25.26,7.59,26.64
17/05/2021,16:30,27.40,7.05,50.20
17/05/2021,17:30,25.81,7.66,55.22
17/05/2021,18:30,31.52,7.60,37.59
17/05/2021,19:30,28.51,7.94,80.16
17/05/2021,20:30,30.70,8.54,45.60
17/05/2021,21:30,30.94,7.08,77.61
17/05/2021,22:30,29.83,7.44,29.34
17/05/2021,23:30,26.17,7.77,74.84
18/05/2021,0:30,27.50,9.89,67.53
18/05/2021,1:30,26.92,6.08,80.84
18/05/2021,2:30,27.90,9.89,65.95
18/05/2021,3:30,28.09,6.30,29.48
18/05/2021,4:30,26.90,9.75,27.75
18/05/2021,5:30,28.08,8.32,59.56
18/05/2021,6:30,28.84,7.67,71.03
18/05/2021,7:30,26.27,8.24,28.41
18/05/2021,8:30,28.42,8.39,44.90
18/05/2021,9:30,27.03,9.03,55.75
18/05/2021,10:30,30.83,9.08,80.17
18/05/2021,11:30,26.17,9.84,53.97
18/05/2021,12:30,27.62,6.90,67.86
18/05/2021,13:30,30.04,8.96,42.06
18/05/2021,14:30,25.95,8.32,44.33
18/05/2021,15:30,27.97,8.51,49.26
18/05/2021,16:30,27.09,7.66,78.38
18/05/2021,17:30,27.80,7.94,78.34
18/05/2021,18:30,26.77,9.39,52.60
18/05/2021,19:30,31.47,7.82,61.34
18/05/2021,20:30,33.25,7.48,41.88
18/05/2021,21:30,26.30,6.67,45.47
18/05/2021,22:30,28.73,9.60,71.30
18/05/2021,23:30,29.04,6.50,36.72
19/05/2021,0:30,29.66,8.64,42.75
19/05/2021,1:30,25.19,6.78,78.99
19/05/2021,2:30,30.59,7.28,67.02
19/05/2021,3:30,31.35,9.52,48.06
19/05/2021,4:30,28.49,6.49,51.25
19/05/2021,5:30,27.22,7.75,45.58
19/05/2021,6:30,27.23,8.29,66.84
19/05/2021,7:30,26.72,9.30,70.00
19/05/2021,8:30,27.51,8.50,45.36
19/05/2021,9:30,29.11,7.98,72.08
19/05/2021,10:30,28.38,6.23,40.34
19/05/2021,11:30,30.10,9.92,30.49
19/05/2021,12:30,31.64,8.97,44.92
19/05/2021,13:30,27.13,7.48,57.66
19/05/2021,14:30,26.18,7.97,59.84
19/05/2021,15:30,28.23,9.46,80.38
19/05/2021,16:30,27.49,7.00,55.76
19/05/2021,17:30,26.18,6.26,27.24
19/05/2021,18:30,26.40,7.98,40.58
19/05/2021,19:30,32.26,9.46,53.61
19/05/2021,20:30,26.34,7.36,27.95
19/05/2021,21:30,33.59,7.08,73.61
19/05/2021,22:30,33.75,6.54,53.71
19/05/2021,23:30,26.40,6.66,76.60
20/05/2021,0:30,33.26,9.53,65.63
20/05/2021,1:30,30.78,6.39,71.14
20/05/2021,2:30,26.16,8.98,54.56
20/05/2021,3:30,31.98,7.10,78.45
20/05/2021,4:30,30.00,7.70,51.64
20/05/2021,5:30,30.11,9.74,74.51
20/05/2021,6:30,27.14,7.15,64.44
20/05/2021,7:30,31.66,8.84,53.66
20/05/2021,8:30,25.99,9.27,55.80
20/05/2021,9:30,32.37,8.43,78.78
20/05/2021,10:30,28.37,8.05,27.52
20/05/2021,11:30,27.92,7.69,66.65
20/05/2021,12:30,26.77,8.24,29.30
20/05/2021,13:30,30.12,8.66,75.54
20/05/2021,14:30,26.60,9.49,71.59
20/05/2021,15:30,33.16,9.35,74.97
20/05/2021,16:30,31.97,7.87,29.13
20/05/2021,17:30,31.80,8.60,72.82
20/05/2021,18:30,26.34,9.61,32.45
20/05/2021,19:30,27.13,9.58,48.24
20/05/2021,20:30,29.35,9.57,51.44
20/05/2021,21:30,26.48,9.79,41.52
20/05/2021,22:30,28.80,7.32,38.65
20/05/2021,23:30,31.06,6.09,32.04
21/05/2021,0:30,31.34,8.97,31.01
21/05/2021,1:30,30.43,8.52,39.04
21/05/2021,2:30,31.01,7.99,38.71
21/05/2021,3:30,30.42,7.79,67.11
21/05/2021,4:30,31.78,7.69,60.89
21/05/2021,5:30,32.36,7.76,68.12
21/05/2021,6:30,31.07,6.48,42.91
21/05/2021,7:30,27.83,7.89,66.45
21/05/2021,8:30,27.21,7.87,34.57
21/05/2021,9:30,32.55,9.70,46.75
21/05/2021,10:30,31.60,7.44,54.55
21/05/2021,11:30,27.72,7.28,31.43
21/05/2021,12:30,28.76,8.54,30.75
21/05/2021,13:30,27.75,8.00,41.07
21/05/2021,14:30,31.04,9.46,30.31
21/05/2021,15:30,32.36,8.82,47.59
21/05/2021,16:30,29.56,9.16,64.65
21/05/2021,17:30,31.95,8.98,79.83
21/05/2021,18:30,33.18,9.16,35.19
21/05/2021,19:30,31.72,6.56,60.26
21/05/2021,20:30,26.97,7.83,38.35
21/05/2021,21:30,28.63,8.64,27.51
21/05/2021,22:30,28.92,8.55,72.96
21/05/2021,23:30,26.23,8.13,37.07
22/05/2021,0:30,25.68,6.11,69.48
22/05/2021,1:30,26.02,8.55,31.18
22/05/2021,2:30,29.68,6.35,57.30
22/05/2021,3:30,33.61,6.87,51.35
22/05/2021,4:30,27.72,7.15,52.73
22/05/2021,5:30,29.25,8.96,60.00
22/05/2021,6:30,28.93,8.77,38.55
22/05/2021,7:30,31.23,7.13,66.64
22/05/2021,8:30,30.83,7.22,44.10
22/05/2021,9:30,30.71,9.29,75.54
22/05/2021,10:30,31.07,6.63,63.54
22/05/2021,11:30,31.82,7.68,34.87
22/05/2021,12:30,28.85,7.23,27.18
22/05/2021,13:30,26.08,9.11,72.62
22/05/2021,14:30,28.26,7.59,29.52
22/05/2021,15:30,28.94,6.58,79.27
22/05/2021,16:30,32.76,9.18,66.23
22/05/2021,17:30,29.86,7.50,37.78
22/05/2021,18:30,25.77,8.93,42.95
22/05/2021,19:30,30.87,8.05,30.17
22/05/2021,20:30,31.95,7.30,29.22
22/05/2021,21:30,33.75,7.23,76.01
22/05/2021,22:30,26.03,7.63,76.46
22/05/2021,23:30,26.62,7.60,74.03
23/05/2021,0:30,33.77,7.92,54.93
23/05/2021,1:30,28.76,9.38,27.97
23/05/2021,2:30,27.21,9.86,56.32
23/05/2021,3:30,29.18,8.74,28.09
23/05/2021,4:30,28.82,7.05,71.43
23/05/2021,5:30,32.35,9.60,61.92
23/05/2021,6:30,29.47,6.64,50.65
23/05/2021,7:30,32.38,7.17,80.96
23/05/2021,8:30,31.67,6.90,78.15
23/05/2021,9:30,33.08,9.57,67.96
23/05/2021,10:30,25.27,7.86,52.77
23/05/2021,11:30,26.93,7.00,78.33
23/05/2021,12:30,32.40,6.23,48.71
23/05/2021,13:30,30.31,8.73,26.70
23/05/2021,14:30,33.23,7.17,78.04
23/05/2021,15:30,25.33,7.46,42.07
23/05/2021,16:30,30.30,6.90,33.82
23/05/2021,17:30,27.72,7.25,25.73
23/05/2021,18:30,32.47,8.83,27.15
23/05/2021,19:30,30.46,6.23,45.26
23/05/2021,20:30,32.41,6.86,46.28
23/05/2021,21:30,29.16,9.95,59.23
23/05/2021,22:30,25.98,7.67,57.70
23/05/2021,23:30,25.05,7.67,28.70
24/05/2021,0:30,31.84,7.00,68.94
24/05/2021,1:30,26.45,6.04,34.59
24/05/2021,2:30,27.10,8.30,81.92
24/05/2021,3:30,26.74,8.21,67.54
24/05/2021,4:30,33.37,8.91,53.79
24/05/2021,5:30,33.42,7.26,26.21
24/05/2021,6:30,30.46,6.89,27.19
24/05/2021,7:30,27.33,7.73,70.13
24/05/2021,8:30,29.57,6.67,48.86
24/05/2021,9:30,27.70,7.97,76.36
24/05/2021,10:30,31.62,6.49,27.63
24/05/2021,11:30,29.71,9.95,75.02
24/05/2021,12:30,28.65,7.26,76.25
24/05/2021,13:30,25.28,6.85,42.99
24/05/2021,14:30,26.79,9.27,32.39
24/05/2021,15:30,30.38,6.10,70.67
24/05/2021,16:30,30.66,7.69,57.16
24/05/2021,17:30,28.20,8.83,68.31
24/05/2021,18:30,26.54,6.37,51.96
24/05/2021,19:30,29.11,6.84,63.66
24/05/2021,20:30,26.85,6.08,31.71
24/05/2021,21:30,32.79,7.19,42.43
24/05/2021,22:30,26.70,8.83,63.27
24/05/2021,23:30,30.57,7.58,47.61
25/05/2021,0:30,27.47,7.98,62.08
25/05/2021,1:30,33.41,9.91,33.32
25/05/2021,2:30,32.95,7.68,46.71
25/05/2021,3:30,30.76,9.65,48.94
25/05/2021,4:30,32.72,7.93,58.59
25/05/2021,5:30,27.71,6.49,77.83
25/05/2021,6:30,33.34,6.55,68.53
25/05/2021,7:30,25.09,7.43,70.13
25/05/2021,8:30,31.01,7.35,77.48
25/05/2021,9:30,32.23,9.82,80.80
25/05/2021,10:30,33.88,6.41,51.20
25/05/2021,11:30,25.06,8.97,33.21
25/05/2021,12:30,29.64,7.15,49.98
25/05/2021,13:30,31.82,8.06,47.34
25/05/2021,14:30,26.83,6.56,63.34
25/05/2021,15:30,25.45,8.10,45.03
25/05/2021,16:30,30.11,7.39,80.12
25/05/2021,17:30,25.94,9.61,51.55
25/05/2021,18:30,30.74,8.91,58.02
25/05/2021,19:30,30.12,7.99,52.47
25/05/2021,20:30,28.66,7.39,48.70
25/05/2021,21:30,26.86,6.09,72.18
25/05/2021,22:30,28.00,6.56,26.85
25/05/2021,23:30,29.64,9.02,70.36
26/05/2021,0:30,27.87,7.35,41.26
26/05/2021,1:30,32.13,7.91,62.85
26/05/2021,2:30,31.17,7.69,70.00
26/05/2021,3:30,30.61,9.03,61.06
26/05/2021,4:30,27.74,8.69,30.03
26/05/2021,5:30,27.02,9.47,57.81
26/05/2021,6:30,31.24,6.34,30.06
26/05/2021,7:30,30.83,7.84,64.32
26/05/2021,8:30,31.42,7.05,52.55
26/05/2021,9:30,33.24,7.77,69.29
26/05/2021,10:30,25.49,6.85,66.83
26/05/2021,11:30,27.32,8.16,41.24
26/05/2021,12:30,27.53,9.77,79.70
26/05/2021,13:30,33.18,9.62,62.16
26/05/2021,14:30,27.45,9.39,27.22
26/05/2021,15:30,30.78,9.44,67.23
26/05/2021,16:30,26.52,8.41,34.74
26/05/2021,17:30,30.13,8.69,59.46
26/05/2021,18:30,25.16,8.85,78.41
26/05/2021,19:30,33.30,6.05,43.28
26/05/2021,20:30,26.00,6.61,61.85
26/05/2021,21:30,26.42,7.42,56.86
26/05/2021,22:30,29.00,8.73,73.85
26/05/2021,23:30,26.63,7.70,31.11
27/05/2021,0:30,28.00,6.47,45.08
27/05/2021,1:30,31.44,8.12,49.93
27/05/2021,2:30,32.21,9.26,55.61
27/05/2021,3:30,25.32,7.20,62.27
27/05/2021,4:30,25.36,8.45,30.19
27/05/2021,5:30,30.66,9.55,68.06
27/05/2021,6:30,27.54,6.86,66.22
27/05/2021,7:30,28.46,8.04,36.74
27/05/2021,8:30,32.89,9.56,57.22
27/05/2021,9:30,32.13,6.23,58.39
27/05/2021,10:30,32.23,8.09,62.33
27/05/2021,11:30,30.69,8.31,55.98
27/05/2021,12:30,26.06,6.64,37.24
27/05/2021,13:30,26.52,8.57,31.05
27/05/2021,14:30,32.16,9.65,56.72
27/05/2021,15:30,28.23,8.69,67.20
27/05/2021,16:30,30.25,9.21,64.59
27/05/2021,17:30,28.59,9.70,34.10
27/05/2021,18:30,30.23,8.73,26.81
27/05/2021,19:30,27.68,6.12,68.26
27/05/2021,20:30,29.04,8.48,68.28
27/05/2021,21:30,25.75,7.52,71.67
27/05/2021,22:30,33.73,8.34,42.95
27/05/2021,23:30,29.74,7.76,31.23
28/05/2021,0:30,31.05,7.35,73.35
28/05/2021,1:30,29.34,8.75,43.74
28/05/2021,2:30,27.17,6.06,29.95
28/05/2021,3:30,32.40,8.36,54.44
28/05/2021,4:30,28.56,8.16,56.63
28/05/2021,5:30,33.61,6.78,63.05
28/05/2021,6:30,32.95,7.45,54.27
28/05/2021,7:30,28.26,7.75,30.50
28/05/2021,8:30,33.52,8.77,35.38
28/05/2021,9:30,26.82,7.71,37.77
28/05/2021,10:30,31.47,7.31,55.82
28/05/2021,11:30,27.13,8.37,47.88
28/05/2021,12:30,27.72,8.62,30.16
28/05/2021,13:30,30.51,8.64,31.14
28/05/2021,14:30,28.29,7.28,80.25
28/05/2021,15:30,26.62,7.21,72.03
28/05/2021,16:30,31.85,6.44,75.77
28/05/2021,17:30,25.52,8.63,62.66
28/05/2021,18:30,31.49,6.45,39.98
28/05/2021,19:30,30.30,7.63,25.08
28/05/2021,20:30,29.54,9.37,27.85
28/05/2021,21:30,29.31,8.98,80.26
28/05/2021,22:30,31.18,8.48,61.15
28/05/2021,23:30,32.12,8.63,79.80
29/05/2021,0:30,25.61,7.67,39.58
29/05/2021,1:30,30.82,8.59,30.29
29/05/2021,2:30,27.17,6.80,57.23
29/05/2021,3:30,32.32,7.13,62.70
29/05/2021,4:30,31.80,6.03,35.59
29/05/2021,5:30,25.50,9.65,72.61
29/05/2021,6:30,26.05,9.02,32.40
29/05/2021,7:30,31.63,6.93,73.62
29/05/2021,8:30,30.97,6.93,38.79
29/05/2021,9:30,27.35,6.24,42.29
29/05/2021,10:30,26.36,7.77,51.33
29/05/2021,11:30,30.43,9.26,55.15
29/05/2021,12:30,26.54,9.08,55.72
29/05/2021,13:30,32.39,9.57,75.68
29/05/2021,14:30,31.80,7.10,26.81
29/05/2021,15:30,28.13,6.95,53.25
29/05/2021,16:30,26.26,8.67,42.57
29/05/2021,17:30,27.83,8.14,80.80
29/05/2021,18:30,30.11,8.71,39.75
29/05/2021,19:30,29.00,7.41,64.30
29/05/2021,20:30,25.71,8.75,61.60
29/05/2021,21:30,27.07,7.15,56.60
29/05/2021,22:30,32.16,8.26,41.32
29/05/2021,23:30,28.47,7.61,58.58
30/05/2021,0:30,28.13,8.26,72.71
30/05/2021,1:30,32.51,7.52,70.34
30/05/2021,2:30,33.56,9.62,49.16
30/05/2021,3:30,31.38,9.46,65.70
30/05/2021,4:30,28.83,8.87,41.65
30/05/2021,5:30,33.91,7.93,33.81
30/05/2021,6:30,33.30,6.06,47.82
30/05/2021,7:30,28.42,8.82,76.59
30/05/2021,8:30,29.25,9.18,60.20
30/05/2021,9:30,28.06,9.64,28.44
30/05/2021,10:30,26.30,8.25,41.54
30/05/2021,11:30,29.83,8.36,71.69
30/05/2021,12:30,27.66,8.60,30.98
30/05/2021,13:30,26.49,7.90,32.77
30/05/2021,14:30,31.47,8.72,49.19
30/05/2021,15:30,30.58,7.18,38.81
30/05/2021,16:30,25.67,9.10,34.24
30/05/2021,17:30,28.79,6.01,30.09
30/05/2021,18:30,32.07,8.41,76.41
30/05/2021,19:30,29.59,9.12,37.55
30/05/2021,20:30,32.25,9.92,40.44
30/05/2021,21:30,29.06,7.04,75.59
30/05/2021,22:30,27.02,9.03,41.13
30/05/2021,23:30,26.01,6.30,77.10
31/05/2021,0:30,29.43,7.47,27.64
31/05/2021,1:30,27.78,8.05,64.44
31/05/2021,2:30,27.85,8.32,36.00
31/05/2021,3:30,31.10,6.89,62.48
31/05/2021,4:30,33.51,9.71,55.54
31/05/2021,5:30,29.61,8.87,72.25
31/05/2021,6:30,28.63,7.73,50.08
31/05/2021,7:30,26.18,6.10,72.29
31/05/2021,8:30,29.29,6.51,31.93
31/05/2021,9:30,31.93,8.35,73.15
31/05/2021,10:30,27.42,8.80,51.14
31/05/2021,11:30,28.75,7.82,35.98
31/05/2021,12:30,32.18,7.43,30.72
31/05/2021,13:30,29.67,7.77,34.89
31/05/2021,14:30,25.02,8.00,39.56
31/05/2021,15:30,33.64,9.56,80.27
31/05/2021,16:30,28.97,8.69,57.02
31/05/2021,17:30,29.22,6.74,56.01
31/05/2021,18:30,30.64,9.05,51.89
31/05/2021,19:30,30.56,9.45,38.06
31/05/2021,20:30,32.51,8.07,53.83
31/05/2021,21:30,27.16,6.67,73.43
31/05/2021,22:30,31.23,7.28,53.09
31/05/2021,23:30,26.67,7.09,33.32
01/06/2021,0:30,30.70,8.60,52.55
01/06/2021,1:30,28.94,9.39,38.59
01/06/2021,2:30,28.64,7.28,43.42
01/06/2021,3:30,28.39,8.75,51.88
01/06/2021,4:30,31.19,7.22,41.17
01/06/2021,5:30,31.84,7.47,62.65
01/06/2021,6:30,31.34,9.04,37.37
01/06/2021,7:30,30.41,8.88,75.96
01/06/2021,8:30,29.71,8.33,73.24
01/06/2021,9:30,25.24,8.85,45.78
01/06/2021,10:30,29.84,7.32,65.22
01/06/2021,11:30,29.18,8.62,35.46
01/06/2021,12:30,33.87,6.87,59.33
01/06/2021,13:30,30.91,9.58,45.82
01/06/2021,14:30,31.27,6.16,42.44
01/06/2021,15:30,31.55,8.52,52.97
01/06/2021,16:30,30.40,8.01,73.27
01/06/2021,17:30,33.27,7.51,64.04
01/06/2021,18:30,30.98,7.70,40.66
01/06/2021,19:30,32.17,7.31,68.67
01/06/2021,20:30,32.76,8.97,53.40
01/06/2021,21:30,31.95,6.33,41.68
01/06/2021,22:30,31.51,8.32,70.09
01/06/2021,23:30,27.74,7.41,77.68
01/06/2021,0:30,31.56,9.21,47.76
01/06/2021,1:30,28.95,9.47,42.61
01/06/2021,2:30,25.13,7.01,70.09
01/06/2021,3:30,26.17,8.09,77.85
01/06/2021,4:30,25.38,7.18,70.20
01/06/2021,5:30,30.49,7.91,41.42
01/06/2021,6:30,26.76,9.44,50.06
01/06/2021,7:30,31.83,7.64,72.05
01/06/2021,8:30,33.71,8.36,26.11
01/06/2021,9:30,31.15,6.35,62.58
02/06/2021,10:30,26.18,6.58,41.87
02/06/2021,11:30,26.36,8.44,38.15
02/06/2021,12:30,32.95,8.22,50.79
02/06/2021,13:30,32.77,9.08,43.07
02/06/2021,14:30,31.69,7.31,41.12
02/06/2021,15:30,32.59,8.47,63.40
02/06/2021,16:30,26.51,7.70,40.30
02/06/2021,17:30,30.27,9.07,71.02
02/06/2021,18:30,28.44,7.46,42.04
02/06/2021,19:30,30.80,7.04,37.76
02/06/2021,20:30,27.80,8.04,51.15
02/06/2021,21:30,27.33,9.02,57.42
02/06/2021,22:30,29.67,8.51,48.46
02/06/2021,23:30,29.30,7.85,48.55
02/06/2021,0:30,29.55,8.20,48.59
02/06/2021,1:30,26.31,8.69,78.25
02/06/2021,2:30,29.57,7.49,65.22
02/06/2021,3:30,29.41,6.42,60.27
02/06/2021,4:30,32.41,7.41,38.22
02/06/2021,5:30,32.36,9.60,77.09
02/06/2021,6:30,28.84,6.48,65.27
02/06/2021,7:30,27.79,8.83,43.40
02/06/2021,8:30,26.67,8.93,57.56
02/06/2021,9:30,33.10,6.98,32.68
02/06/2021,10:30,26.66,7.41,61.17
02/06/2021,11:30,27.76,9.77,49.35
02/06/2021,12:30,33.28,8.18,72.96
02/06/2021,13:30,31.86,7.18,80.30
02/06/2021,14:30,29.72,7.18,68.93
02/06/2021,15:30,26.15,8.33,42.68
02/06/2021,16:30,25.22,9.62,58.25
02/06/2021,17:30,26.18,8.16,28.99
02/06/2021,18:30,25.42,9.44,33.68
02/06/2021,19:30,29.92,7.78,75.52
03/06/2021,20:30,32.86,7.46,42.69
03/06/2021,21:30,33.90,9.50,63.47
03/06/2021,22:30,29.87,8.30,59.58
03/06/2021,23:30,28.16,9.45,49.27
03/06/2021,0:30,29.98,6.07,66.56
03/06/2021,1:30,33.82,7.47,61.15
03/06/2021,2:30,27.42,8.12,45.65
03/06/2021,3:30,28.59,6.53,64.72
03/06/2021,4:30,27.93,7.99,33.43
03/06/2021,5:30,26.12,8.78,54.37
03/06/2021,6:30,29.45,8.05,57.52
03/06/2021,7:30,29.89,9.49,61.70
03/06/2021,8:30,30.57,7.73,70.27
03/06/2021,9:30,31.31,7.89,47.02
03/06/2021,10:30,31.65,9.08,49.92
03/06/2021,11:30,26.23,7.94,54.29
03/06/2021,12:30,26.03,9.34,51.00
03/06/2021,13:30,31.70,6.50,80.29
03/06/2021,14:30,26.70,7.71,30.06
03/06/2021,15:30,31.28,6.08,59.15
03/06/2021,16:30,32.32,7.74,26.30
03/06/2021,17:30,25.72,9.71,59.14
03/06/2021,18:30,30.81,7.80,70.08
03/06/2021,19:30,29.51,9.59,79.40
03/06/2021,20:30,28.85,8.88,33.91
03/06/2021,21:30,28.44,9.18,48.93
03/06/2021,22:30,32.15,8.84,47.62
03/06/2021,23:30,31.63,6.94,59.18
03/06/2021,0:30,31.27,7.18,44.09
03/06/2021,1:30,32.11,9.75,44.73
03/06/2021,2:30,32.48,7.22,26.20
03/06/2021,3:30,29.89,8.43,70.13
03/06/2021,4:30,32.41,8.83,69.29
03/06/2021,5:30,27.07,6.01,31.58
04/06/2021,6:30,28.48,7.81,42.60
04/06/2021,7:30,33.66,8.48,28.22
04/06/2021,8:30,28.27,6.68,60.63
04/06/2021,9:30,27.72,6.97,59.06
04/06/2021,10:30,33.67,8.46,65.19
04/06/2021,11:30,30.75,8.54,54.89
04/06/2021,12:30,28.24,8.65,26.44
04/06/2021,13:30,28.90,9.80,39.47
04/06/2021,14:30,29.95,8.84,28.96
04/06/2021,15:30,32.48,8.64,81.18
04/06/2021,16:30,29.67,8.74,65.09
04/06/2021,17:30,33.64,6.28,47.60
04/06/2021,18:30,31.25,8.74,81.01
04/06/2021,19:30,27.84,9.61,55.71
04/06/2021,20:30,32.26,8.47,65.01
04/06/2021,21:30,33.70,6.19,39.31
04/06/2021,22:30,25.85,6.07,68.17
04/06/2021,23:30,30.21,7.19,37.76
04/06/2021,0:30,30.51,8.64,47.38
04/06/2021,1:30,32.35,6.36,65.72
04/06/2021,2:30,28.06,7.53,68.75
04/06/2021,3:30,25.81,8.95,71.44
04/06/2021,4:30,30.88,8.68,77.88
04/06/2021,5:30,29.04,8.85,27.46
04/06/2021,6:30,33.46,9.97,45.26
04/06/2021,7:30,32.21,7.83,43.25
04/06/2021,8:30,29.93,9.53,58.89
04/06/2021,9:30,28.35,9.13,46.29
04/06/2021,10:30,31.64,8.32,61.14
04/06/2021,11:30,32.88,7.74,75.96
04/06/2021,12:30,27.27,7.50,55.93
04/06/2021,13:30,29.18,9.83,57.81
04/06/2021,14:30,28.01,6.16,57.61
04/06/2021,15:30,29.84,9.65,28.45
05/06/2021,16:30,26.69,6.80,71.61
05/06/2021,17:30,30.80,7.36,39.04
05/06/2021,18:30,27.13,8.51,52.08
05/06/2021,19:30,25.74,8.53,32.45
05/06/2021,20:30,27.54,8.80,45.11
05/06/2021,21:30,27.52,8.73,61.68
05/06/2021,22:30,32.20,7.43,55.19
05/06/2021,23:30,28.74,7.70,72.14
05/06/2021,0:30,31.91,8.64,32.01
05/06/2021,1:30,28.23,7.38,47.01
05/06/2021,2:30,27.11,8.73,37.74
05/06/2021,3:30,29.66,7.06,41.53
05/06/2021,4:30,25.26,7.84,32.25
05/06/2021,5:30,32.18,9.55,76.17
05/06/2021,6:30,33.70,6.02,46.12
05/06/2021,7:30,26.55,8.69,49.70
05/06/2021,8:30,30.33,8.91,39.08
05/06/2021,9:30,30.00,8.85,60.68
05/06/2021,10:30,32.87,7.72,68.66
05/06/2021,11:30,29.74,7.41,68.70
05/06/2021,12:30,29.25,8.61,73.71
05/06/2021,13:30,26.21,9.55,76.22
05/06/2021,14:30,32.75,9.68,58.12
05/06/2021,15:30,29.42,6.17,71.33
05/06/2021,16:30,31.32,6.96,35.90
05/06/2021,17:30,30.81,9.78,27.42
05/06/2021,18:30,34.00,7.21,29.71
05/06/2021,19:30,28.29,9.37,31.16
05/06/2021,20:30,29.49,9.35,51.06
05/06/2021,21:30,31.95,9.00,52.85
05/06/2021,22:30,26.97,7.70,40.02
05/06/2021,23:30,32.40,8.17,76.70
05/06/2021,0:30,31.02,8.70,45.71
05/06/2021,1:30,29.35,6.11,69.85
06/06/2021,2:30,27.53,7.20,81.90
06/06/2021,3:30,32.57,7.93,51.95
06/06/2021,4:30,31.03,7.56,74.74
06/06/2021,5:30,30.34,6.38,62.59
06/06/2021,6:30,28.66,9.51,27.87
06/06/2021,7:30,29.39,7.96,77.19
06/06/2021,8:30,32.41,9.70,44.89
06/06/2021,9:30,31.99,8.81,63.10
06/06/2021,10:30,33.82,7.62,40.13
06/06/2021,11:30,25.76,7.77,57.32
06/06/2021,12:30,26.38,9.82,37.49
06/06/2021,13:30,27.01,7.56,26.43
06/06/2021,14:30,32.77,7.24,30.34
06/06/2021,15:30,27.54,9.26,80.02
06/06/2021,16:30,30.88,6.59,75.16
06/06/2021,17:30,29.66,8.97,78.27
06/06/2021,18:30,29.82,6.67,29.54
06/06/2021,19:30,30.80,9.31,75.98
06/06/2021,20:30,27.87,7.40,64.95
06/06/2021,21:30,29.55,9.92,28.93
06/06/2021,22:30,28.09,8.04,73.13
06/06/2021,23:30,26.01,7.97,70.88
06/06/2021,0:30,30.50,7.31,70.68
06/06/2021,1:30,28.35,6.37,43.37
06/06/2021,2:30,32.93,7.05,66.65
07/06/2021,3:30,32.86,7.47,35.55
07/06/2021,4:30,27.40,7.66,39.35
07/06/2021,5:30,32.04,8.75,72.02
07/06/2021,6:30,32.44,9.71,32.90
07/06/2021,7:30,31.36,8.17,65.38
07/06/2021,8:30,31.82,8.14,44.44
07/06/2021,9:30,28.24,8.99,34.13
07/06/2021,10:30,32.30,6.35,70.86
07/06/2021,11:30,26.96,6.29,45.58
07/06/2021,12:30,32.38,9.07,66.41
07/06/2021,13:30,32.34,8.99,59.89
07/06/2021,14:30,30.51,8.80,40.58
07/06/2021,15:30,25.95,9.20,72.63
07/06/2021,16:30,27.90,6.74,68.40
07/06/2021,17:30,25.35,8.91,80.07
07/06/2021,18:30,27.87,8.16,47.60
07/06/2021,19:30,26.14,8.33,79.77
07/06/2021,20:30,28.21,9.89,45.19
07/06/2021,21:30,32.28,7.69,59.04
07/06/2021,22:30,27.52,6.34,33.59
07/06/2021,23:30,28.42,8.75,57.98
07/06/2021,0:30,33.31,6.82,81.65
07/06/2021,1:30,27.58,8.86,50.85
07/06/2021,2:30,28.34,8.84,47.42
08/06/2021,3:30,33.67,7.46,55.04
08/06/2021,4:30,30.13,7.95,76.43
08/06/2021,5:30,26.87,7.01,65.54
08/06/2021,6:30,29.01,7.55,30.88
08/06/2021,7:30,32.64,8.85,62.70
08/06/2021,8:30,26.77,9.15,72.41
08/06/2021,9:30,30.18,7.53,61.91
08/06/2021,10:30,25.08,8.94,64.62
08/06/2021,11:30,31.21,7.20,60.79
08/06/2021,12:30,32.42,6.53,67.48
08/06/2021,13:30,29.89,8.58,63.10
08/06/2021,14:30,27.43,8.33,56.89
08/06/2021,15:30,26.13,9.72,38.58
08/06/2021,16:30,29.80,6.70,34.74
08/06/2021,17:30,31.63,7.62,74.43
08/06/2021,18:30,29.74,9.10,31.19
08/06/2021,19:30,28.69,8.98,66.42
08/06/2021,20:30,30.64,7.66,38.96
08/06/2021,21:30,31.24,7.55,61.76
08/06/2021,22:30,33.01,8.90,66.87
08/06/2021,23:30,26.62,8.67,77.99
08/06/2021,0:30,28.21,7.27,60.73
08/06/2021,1:30,26.36,6.01,36.46
08/06/2021,2:30,30.80,6.12,38.45
08/06/2021,3:30,26.26,8.32,69.77
08/06/2021,4:30,29.61,7.66,45.00
08/06/2021,5:30,30.89,7.22,52.90
08/06/2021,6:30,28.05,8.71,70.25
08/06/2021,7:30,33.63,9.37,30.77
08/06/2021,8:30,29.70,8.52,57.77
08/06/2021,9:30,29.02,9.76,58.51
08/06/2021,10:30,30.89,6.05,33.67
08/06/2021,11:30,30.90,7.74,76.86
08/06/2021,12:30,26.21,8.18,31.29
08/06/2021,13:30,26.77,8.99,37.90
08/06/2021,14:30,29.79,6.59,34.44
08/06/2021,15:30,25.12,8.44,45.25
08/06/2021,16:30,26.45,6.26,36.12
08/06/2021,17:30,29.26,7.82,73.93
08/06/2021,18:30,33.91,8.11,80.42
08/06/2021,19:30,32.14,8.25,67.17
08/06/2021,20:30,32.19,8.61,26.64
08/06/2021,21:30,26.71,9.00,65.97
08/06/2021,22:30,28.20,7.12,29.15
08/06/2021,23:30,27.26,7.32,28.46
08/06/2021,0:30,28.26,8.07,73.52
08/06/2021,1:30,26.41,7.52,43.53
08/06/2021,2:30,30.60,7.85,57.83
09/06/2021,3:30,26.80,6.68,72.59
09/06/2021,4:30,33.41,6.18,59.91
09/06/2021,5:30,29.92,8.47,50.62
09/06/2021,6:30,31.47,7.75,33.81
09/06/2021,7:30,30.56,7.00,30.42
09/06/2021,8:30,28.17,8.10,50.87
09/06/2021,9:30,30.62,9.52,45.44
09/06/2021,10:30,28.03,8.58,55.65
09/06/2021,11:30,26.83,6.70,58.13
09/06/2021,12:30,27.06,7.83,52.83
09/06/2021,13:30,28.94,7.25,30.92
09/06/2021,14:30,25.52,9.91,67.61
09/06/2021,15:30,29.16,9.12,49.38
09/06/2021,16:30,31.18,9.11,52.52
09/06/2021,17:30,28.15,7.86,38.63
09/06/2021,18:30,30.83,7.99,36.64
09/06/2021,19:30,31.69,7.80,72.40
09/06/2021,20:30,26.64,8.69,56.45
09/06/2021,21:30,31.53,8.60,80.20
09/06/2021,22:30,27.81,7.25,72.48
09/06/2021,23:30,27.84,7.73,27.36
09/06/2021,0:30,28.02,7.14,39.85
09/06/2021,1:30,26.06,8.56,60.19
09/06/2021,2:30,29.66,8.48,43.40
10/06/2021,3:30,31.56,9.49,81.65
10/06/2021,4:30,27.53,7.42,35.07
10/06/2021,5:30,33.61,6.12,66.77
10/06/2021,6:30,30.06,9.61,77.02
10/06/2021,7:30,30.93,8.52,48.72
10/06/2021,8:30,28.51,7.25,54.95
10/06/2021,9:30,26.81,6.10,43.68
10/06/2021,10:30,28.80,8.21,36.34
10/06/2021,11:30,27.86,6.04,35.34
10/06/2021,12:30,29.08,7.16,75.93
10/06/2021,13:30,27.64,8.27,55.24
10/06/2021,14:30,29.39,9.30,69.30
10/06/2021,15:30,32.44,8.80,61.21
10/06/2021,16:30,33.75,8.31,74.10
10/06/2021,17:30,26.75,7.51,48.26
10/06/2021,18:30,29.52,6.49,73.47
10/06/2021,19:30,27.49,7.15,54.62
10/06/2021,20:30,26.61,7.73,58.08
10/06/2021,21:30,31.62,8.62,58.56
10/06/2021,22:30,29.06,8.28,74.38
10/06/2021,23:30,30.11,7.41,62.60
10/06/2021,0:30,27.18,8.21,75.73
10/06/2021,1:30,28.15,7.04,33.05
10/06/2021,2:30,29.46,9.00,49.10
11/06/2021,3:30,30.47,7.31,79.84
11/06/2021,4:30,26.61,7.57,78.38
11/06/2021,5:30,33.13,9.19,27.78
11/06/2021,6:30,25.98,8.58,51.54
11/06/2021,7:30,26.60,8.81,60.85
11/06/2021,8:30,27.29,9.35,29.45
11/06/2021,9:30,28.34,7.56,72.16
11/06/2021,10:30,28.46,6.26,37.37
11/06/2021,11:30,28.93,7.55,32.02
11/06/2021,12:30,33.20,6.15,54.51
11/06/2021,13:30,26.55,7.38,53.06
11/06/2021,14:30,30.58,8.42,42.51
11/06/2021,15:30,29.84,7.49,52.46
11/06/2021,16:30,29.00,7.69,35.13
11/06/2021,17:30,30.80,7.27,45.75
11/06/2021,18:30,31.83,7.80,74.47
11/06/2021,19:30,31.25,7.25,49.63
11/06/2021,20:30,30.08,9.61,39.66
11/06/2021,21:30,31.25,7.15,71.07
11/06/2021,22:30,29.99,9.09,33.54
11/06/2021,23:30,29.87,9.81,27.26
11/06/2021,0:30,33.29,6.32,70.89
11/06/2021,1:30,28.56,8.28,73.53
11/06/2021,2:30,27.55,8.65,80.09
12/06/2021,3:30,25.12,8.64,69.01
12/06/2021,4:30,26.96,8.05,52.07
12/06/2021,5:30,32.99,9.87,79.27
12/06/2021,6:30,29.77,8.52,54.50
12/06/2021,7:30,32.84,7.38,56.36
12/06/2021,8:30,29.91,7.90,78.67
12/06/2021,9:30,31.69,8.93,77.83
12/06/2021,10:30,33.14,6.41,63.84
12/06/2021,11:30,29.99,6.60,53.51
12/06/2021,12:30,30.82,8.77,59.99
12/06/2021,13:30,29.65,6.50,34.84
12/06/2021,14:30,31.19,8.23,46.23
12/06/2021,15:30,31.39,6.20,48.52
12/06/2021,16:30,31.57,7.86,37.44
12/06/2021,17:30,31.96,7.17,58.07
12/06/2021,18:30,31.14,7.29,58.55
12/06/2021,19:30,30.57,8.66,58.94
12/06/2021,20:30,28.26,7.54,76.58
12/06/2021,21:30,27.52,7.44,33.09
12/06/2021,22:30,26.11,9.93,58.36
12/06/2021,23:30,31.22,7.99,61.25
12/06/2021,0:30,32.35,8.58,57.02
12/06/2021,1:30,31.37,8.49,63.45
12/06/2021,2:30,32.90,8.66,32.21
13/06/2021,3:30,27.48,7.86,79.66
13/06/2021,4:30,32.58,9.57,75.65
13/06/2021,5:30,26.49,6.02,65.21
13/06/2021,6:30,30.48,8.75,34.59
13/06/2021,7:30,33.72,8.86,78.89
13/06/2021,8:30,30.83,8.65,69.34
13/06/2021,9:30,33.66,6.05,60.91
13/06/2021,10:30,28.97,10.00,29.76
13/06/2021,11:30,30.65,7.07,81.25
13/06/2021,12:30,29.61,7.24,77.86
13/06/2021,13:30,32.09,8.79,68.87
13/06/2021,14:30,29.96,7.58,30.49
13/06/2021,15:30,27.40,8.07,39.61
13/06/2021,16:30,26.49,8.78,42.91
13/06/2021,17:30,32.33,8.36,69.29
13/06/2021,18:30,26.35,7.58,78.95
13/06/2021,19:30,31.98,8.42,64.22
13/06/2021,20:30,26.06,9.87,70.42
13/06/2021,21:30,26.70,9.18,31.19
13/06/2021,22:30,28.29,8.28,42.76
13/06/2021,23:30,31.60,6.89,36.80
13/06/2021,0:30,26.94,9.92,46.77
13/06/2021,1:30,31.95,10.00,78.85
13/06/2021,2:30,29.12,7.12,39.84
14/06/2021,3:30,29.34,6.51,51.74
14/06/2021,4:30,26.04,8.61,74.97
14/06/2021,5:30,33.03,8.92,76.47
14/06/2021,6:30,26.63,8.02,55.87
14/06/2021,7:30,30.20,6.01,53.26
14/06/2021,8:30,25.66,8.68,30.02
14/06/2021,9:30,31.90,8.29,69.28
14/06/2021,10:30,29.48,8.70,67.00
14/06/2021,11:30,27.11,7.65,45.94
14/06/2021,12:30,30.99,9.88,63.64
14/06/2021,13:30,33.58,7.00,54.24
14/06/2021,14:30,26.55,8.72,40.01
14/06/2021,15:30,33.45,9.91,36.07
14/06/2021,16:30,26.04,8.86,32.21
14/06/2021,17:30,30.40,8.24,63.98
14/06/2021,18:30,27.55,8.26,79.80
14/06/2021,19:30,29.81,8.21,60.26
14/06/2021,20:30,25.22,9.54,70.50
14/06/2021,21:30,29.65,6.73,76.77
14/06/2021,22:30,28.67,8.58,48.17
14/06/2021,23:30,29.02,7.12,77.61
14/06/2021,0:30,27.71,7.89,56.61
14/06/2021,1:30,27.41,7.60,49.37
14/06/2021,2:30,32.72,8.13,76.40
15/06/2021,3:30,33.29,6.41,50.28
15/06/2021,4:30,33.25,8.89,37.18
15/06/2021,5:30,28.29,7.98,35.54
15/06/2021,6:30,30.88,7.67,70.56
15/06/2021,7:30,28.74,7.07,38.55
15/06/2021,8:30,30.72,7.96,71.79
15/06/2021,9:30,30.67,6.98,54.83
15/06/2021,10:30,27.29,6.62,51.31
15/06/2021,11:30,32.79,7.06,32.29
15/06/2021,12:30,26.47,6.85,81.30
15/06/2021,13:30,29.73,8.82,46.55
15/06/2021,14:30,26.58,8.25,58.20
15/06/2021,15:30,30.16,7.89,37.08
15/06/2021,16:30,27.82,7.10,46.43
15/06/2021,17:30,32.83,7.83,61.60
15/06/2021,18:30,27.31,8.69,69.19
15/06/2021,19:30,30.23,7.27,36.51
15/06/2021,20:30,26.25,7.03,27.57
15/06/2021,21:30,29.33,7.76,56.40
15/06/2021,22:30,28.38,7.56,59.92
15/06/2021,23:30,28.12,7.67,56.34
15/06/2021,0:30,32.11,6.83,69.15
15/06/2021,1:30,31.91,8.58,52.56
15/06/2021,2:30,32.37,9.21,32.53
16/06/2021,3:30,29.39,8.35,31.02
16/06/2021,4:30,31.43,6.52,60.74
16/06/2021,5:30,26.98,8.90,61.39
16/06/2021,6:30,32.45,8.96,66.23
16/06/2021,7:30,26.84,7.22,47.26
16/06/2021,8:30,33.73,9.99,34.62
16/06/2021,9:30,26.00,7.39,74.81
16/06/2021,10:30,27.62,7.85,52.55
16/06/2021,11:30,30.93,7.46,79.85
16/06/2021,12:30,26.23,7.97,27.86
16/06/2021,13:30,30.36,8.75,76.26
16/06/2021,14:30,32.33,7.39,42.42
16/06/2021,15:30,32.22,7.32,77.16
16/06/2021,16:30,33.14,9.19,30.73
16/06/2021,17:30,30.19,9.02,71.13
16/06/2021,18:30,25.19,7.71,73.05
16/06/2021,19:30,33.04,8.75,43.61
16/06/2021,20:30,26.21,8.92,26.66
16/06/2021,21:30,28.16,7.58,66.79
16/06/2021,22:30,27.16,8.66,39.99
16/06/2021,23:30,32.47,7.35,32.87
16/06/2021,0:30,32.80,6.13,72.71
16/06/2021,1:30,28.10,7.97,46.15
16/06/2021,2:30,28.94,9.18,27.16
17/06/2021,3:30,31.62,7.97,28.77
17/06/2021,4:30,29.16,8.86,30.13
17/06/2021,5:30,27.16,9.82,59.05
17/06/2021,6:30,32.38,8.86,43.32
17/06/2021,7:30,28.57,9.76,68.82
17/06/2021,8:30,25.33,8.68,47.91
17/06/2021,9:30,32.10,9.40,47.83
17/06/2021,10:30,26.99,9.28,61.85
17/06/2021,11:30,27.49,8.88,40.88
17/06/2021,12:30,32.24,7.30,32.20
17/06/2021,13:30,27.00,7.23,54.51
17/06/2021,14:30,26.22,6.12,52.19
17/06/2021,15:30,32.44,9.13,69.00
17/06/2021,16:30,28.17,8.20,50.00
17/06/2021,17:30,30.42,8.12,52.21
17/06/2021,18:30,26.22,8.76,53.94
17/06/2021,19:30,28.79,9.86,30.31
17/06/2021,20:30,30.99,6.67,58.13
17/06/2021,21:30,27.91,8.87,60.89
17/06/2021,22:30,29.34,7.86,73.35
17/06/2021,23:30,28.45,6.72,48.47
17/06/2021,0:30,31.26,8.24,68.79
17/06/2021,1:30,26.36,9.55,65.25
17/06/2021,2:30,31.45,7.50,79.08
18/06/2021,3:30,29.11,9.14,79.06
18/06/2021,4:30,27.10,7.30,45.83
18/06/2021,5:30,31.92,9.90,73.22
18/06/2021,6:30,28.76,9.57,26.00
18/06/2021,7:30,27.91,7.32,80.43
18/06/2021,8:30,33.02,9.67,58.42
18/06/2021,9:30,26.36,9.80,69.43
18/06/2021,10:30,26.04,8.94,52.69
18/06/2021,11:30,25.68,7.86,46.90
18/06/2021,12:30,30.73,8.22,40.60
18/06/2021,13:30,30.23,6.51,51.85
18/06/2021,14:30,28.93,7.17,29.80
18/06/2021,15:30,32.94,7.26,70.56
18/06/2021,16:30,25.87,8.99,79.01
18/06/2021,17:30,30.17,7.34,44.15
18/06/2021,18:30,27.32,6.75,69.16
18/06/2021,19:30,27.28,6.18,45.62
18/06/2021,20:30,27.15,7.34,48.68
18/06/2021,21:30,32.78,6.26,32.82
18/06/2021,22:30,32.49,9.95,47.21
18/06/2021,23:30,29.88,8.51,73.78
18/06/2021,0:30,27.46,9.69,55.15
18/06/2021,1:30,28.85,7.43,34.23
18/06/2021,2:30,27.84,8.01,74.19
19/06/2021,3:30,26.94,9.34,49.55
19/06/2021,4:30,32.85,7.13,40.19
19/06/2021,5:30,33.76,8.62,32.27
19/06/2021,6:30,25.84,7.24,27.29
19/06/2021,7:30,26.13,6.05,37.79
19/06/2021,8:30,27.46,8.67,61.36
19/06/2021,9:30,25.93,8.97,72.65
19/06/2021,10:30,29.00,9.37,44.38
19/06/2021,11:30,26.40,6.43,53.12
19/06/2021,12:30,30.92,7.07,60.50
19/06/2021,13:30,32.79,7.45,45.93
19/06/2021,14:30,32.31,8.64,73.58
19/06/2021,15:30,27.42,8.39,35.48
19/06/2021,16:30,33.51,9.86,80.60
19/06/2021,17:30,32.95,8.36,34.81
19/06/2021,18:30,33.47,8.68,33.49
19/06/2021,19:30,28.28,7.61,69.63
19/06/2021,20:30,28.11,9.74,46.74
19/06/2021,21:30,30.07,8.31,55.05
19/06/2021,22:30,29.29,6.63,44.49
19/06/2021,23:30,27.08,7.70,44.94
19/06/2021,0:30,32.85,8.46,53.35
19/06/2021,1:30,27.97,9.49,43.97
19/06/2021,2:30,29.75,9.40,76.83
20/06/2021,3:30,25.16,6.01,73.16
20/06/2021,4:30,29.64,6.19,43.18
20/06/2021,5:30,32.37,8.81,75.18
20/06/2021,6:30,31.71,7.28,68.98
20/06/2021,7:30,33.25,9.98,75.23
20/06/2021,8:30,31.33,8.58,32.02
20/06/2021,9:30,31.17,7.89,75.00
20/06/2021,10:30,33.03,8.24,58.09
20/06/2021,11:30,32.73,8.85,39.48
20/06/2021,12:30,25.60,6.56,73.81
20/06/2021,13:30,31.13,7.77,65.20
20/06/2021,14:30,31.62,6.89,62.99
20/06/2021,15:30,31.05,7.02,68.93
20/06/2021,16:30,27.80,7.09,36.77
20/06/2021,17:30,26.08,9.43,52.52
20/06/2021,18:30,29.77,6.75,25.04
20/06/2021,19:30,27.75,8.05,77.23
20/06/2021,20:30,30.66,7.57,72.65
20/06/2021,21:30,33.13,8.69,54.82
20/06/2021,22:30,31.94,9.74,74.34
20/06/2021,23:30,31.24,7.09,75.52
20/06/2021,0:30,30.02,8.60,28.70
20/06/2021,1:30,28.22,8.08,77.18
20/06/2021,2:30,29.93,8.28,77.53
21/06/2021,3:30,29.73,6.05,68.95
21/06/2021,4:30,28.04,9.34,25.61
21/06/2021,5:30,31.68,6.49,40.27
21/06/2021,6:30,26.42,8.99,33.53
21/06/2021,7:30,25.01,8.31,69.12
21/06/2021,8:30,27.30,9.85,58.27
21/06/2021,9:30,26.23,7.41,53.42
21/06/2021,10:30,28.69,8.42,51.48
21/06/2021,11:30,33.38,8.22,28.48
21/06/2021,12:30,30.42,7.41,79.95
21/06/2021,13:30,32.08,8.19,81.43
21/06/2021,14:30,29.63,7.60,52.39
21/06/2021,15:30,33.04,7.36,39.61
21/06/2021,16:30,32.18,6.62,54.37
21/06/2021,17:30,32.76,8.33,35.52
21/06/2021,18:30,31.32,7.32,80.99
21/06/2021,19:30,29.88,7.54,57.53
21/06/2021,20:30,27.42,8.42,67.14
21/06/2021,21:30,28.33,6.07,71.09
21/06/2021,22:30,25.79,7.82,64.24
21/06/2021,23:30,30.58,9.87,36.04
21/06/2021,0:30,25.78,9.17,38.20
21/06/2021,1:30,31.17,8.38,46.71
21/06/2021,2:30,26.90,6.05,29.19
22/06/2021,3:30,32.78,9.81,76.93
22/06/2021,4:30,33.74,8.73,81.92
22/06/2021,5:30,29.90,7.35,71.25
22/06/2021,6:30,28.45,8.31,60.45
22/06/2021,7:30,27.97,7.41,51.65
22/06/2021,8:30,27.29,8.04,63.10
22/06/2021,9:30,30.52,7.52,77.72
22/06/2021,10:30,29.87,6.64,64.46
22/06/2021,11:30,27.05,7.68,39.17
22/06/2021,12:30,26.30,7.43,69.56
22/06/2021,13:30,29.24,8.16,56.39
22/06/2021,14:30,30.83,8.30,58.43
22/06/2021,15:30,31.96,7.60,28.23
22/06/2021,16:30,33.08,9.73,34.45
22/06/2021,17:30,25.24,7.42,54.24
22/06/2021,18:30,31.64,7.17,43.10
22/06/2021,19:30,32.28,6.37,60.96
22/06/2021,20:30,31.24,8.67,47.34
22/06/2021,21:30,27.43,6.51,49.03
22/06/2021,22:30,31.94,8.99,50.23
22/06/2021,23:30,32.77,8.10,72.95
22/06/2021,0:30,29.64,7.51,78.58
22/06/2021,1:30,32.51,7.52,65.51
22/06/2021,2:30,33.19,8.74,31.00
23/06/2021,3:30,32.14,7.38,73.60
23/06/2021,4:30,28.19,8.02,43.27
23/06/2021,5:30,27.14,9.62,43.85
23/06/2021,6:30,29.90,8.64,35.36
23/06/2021,7:30,28.30,8.01,40.96
23/06/2021,8:30,28.79,8.28,45.20
23/06/2021,9:30,29.25,8.39,75.04
23/06/2021,10:30,33.96,6.14,56.41
23/06/2021,11:30,29.47,8.67,61.87
23/06/2021,12:30,27.75,7.15,55.07
23/06/2021,13:30,31.01,6.79,72.97
23/06/2021,14:30,29.06,8.66,72.32
23/06/2021,15:30,33.44,9.85,56.24
23/06/2021,16:30,29.00,9.27,41.30
23/06/2021,17:30,32.30,8.15,46.27
23/06/2021,18:30,27.42,9.55,63.77
23/06/2021,19:30,26.51,7.36,32.34
23/06/2021,20:30,27.62,9.27,42.17
23/06/2021,21:30,31.01,7.37,67.57
23/06/2021,22:30,27.31,8.85,47.06
23/06/2021,23:30,31.98,6.95,64.02
23/06/2021,0:30,26.80,8.71,79.86
23/06/2021,1:30,33.17,6.07,45.35
23/06/2021,2:30,25.52,8.32,26.34
24/06/2021,3:30,28.21,7.03,54.40
24/06/2021,4:30,29.58,7.93,30.15
24/06/2021,5:30,27.84,8.93,25.64
24/06/2021,6:30,30.91,8.52,57.14
24/06/2021,7:30,31.09,6.91,42.01
24/06/2021,8:30,33.23,7.57,42.60
24/06/2021,9:30,27.75,9.68,40.95
24/06/2021,10:30,29.70,7.69,56.41
24/06/2021,11:30,33.84,8.20,41.25
24/06/2021,12:30,25.77,8.49,75.20
24/06/2021,13:30,28.46,8.72,37.65
24/06/2021,14:30,31.04,9.48,70.78
24/06/2021,15:30,32.82,6.20,67.62
24/06/2021,16:30,32.97,7.94,51.73
24/06/2021,17:30,32.31,8.58,60.45
24/06/2021,18:30,27.12,7.21,38.29
24/06/2021,19:30,29.67,7.58,33.65
24/06/2021,20:30,26.10,8.17,58.79
24/06/2021,21:30,33.71,9.48,56.76
24/06/2021,22:30,29.13,8.91,71.10
24/06/2021,23:30,26.19,9.49,36.13
24/06/2021,0:30,25.02,7.65,41.35
24/06/2021,1:30,31.54,8.12,79.91
24/06/2021,2:30,31.44,8.61,46.57
25/06/2021,3:30,33.40,9.61,69.97
25/06/2021,4:30,27.13,8.26,76.99
25/06/2021,5:30,27.85,7.35,50.57
25/06/2021,6:30,30.23,7.32,80.05
25/06/2021,7:30,32.72,6.33,55.16
25/06/2021,8:30,29.09,8.60,31.89
25/06/2021,9:30,33.81,8.90,63.67
25/06/2021,10:30,29.39,6.28,71.89
25/06/2021,11:30,31.64,8.00,30.40
25/06/2021,12:30,27.62,8.16,36.44
25/06/2021,13:30,26.96,7.21,35.65
25/06/2021,14:30,29.42,7.35,60.79
25/06/2021,15:30,31.71,6.93,33.63
25/06/2021,16:30,27.37,8.72,41.02
25/06/2021,17:30,32.16,8.62,63.12
25/06/2021,18:30,30.90,7.27,37.77
25/06/2021,19:30,31.73,8.40,80.65
25/06/2021,20:30,31.86,9.56,79.20
25/06/2021,21:30,32.33,9.22,53.91
25/06/2021,22:30,26.58,6.44,32.03
25/06/2021,23:30,29.17,7.97,64.48
25/06/2021,0:30,28.39,6.24,67.02
25/06/2021,1:30,25.84,9.25,55.08
25/06/2021,2:30,27.23,8.67,55.54
26/06/2021,3:30,31.96,9.56,59.56
26/06/2021,4:30,33.63,7.99,64.78
26/06/2021,5:30,29.41,8.72,54.85
26/06/2021,6:30,29.90,7.91,58.01
26/06/2021,7:30,29.76,8.29,41.04
26/06/2021,8:30,33.49,8.21,61.33
26/06/2021,9:30,26.50,8.62,34.67
26/06/2021,10:30,29.86,6.21,66.65
26/06/2021,11:30,31.72,6.89,54.58
26/06/2021,12:30,27.69,8.53,40.77
26/06/2021,13:30,29.70,7.67,80.71
26/06/2021,14:30,33.47,6.43,37.04
26/06/2021,15:30,25.16,8.65,26.25
26/06/2021,16:30,28.39,6.59,73.56
26/06/2021,17:30,30.69,8.23,40.84
26/06/2021,18:30,27.61,6.33,57.34
26/06/2021,19:30,30.43,7.73,78.14
26/06/2021,20:30,29.61,7.47,73.54
26/06/2021,21:30,28.64,7.52,30.69
26/06/2021,22:30,26.56,7.63,42.82
26/06/2021,23:30,30.11,7.15,69.33
26/06/2021,0:30,31.31,7.48,78.13
26/06/2021,1:30,25.75,6.89,26.15
26/06/2021,2:30,26.60,9.91,77.38
27/06/2021,3:30,30.30,7.12,76.82
27/06/2021,4:30,26.41,9.67,38.13
27/06/2021,5:30,29.24,9.68,65.17
27/06/2021,6:30,31.07,8.00,53.42
27/06/2021,7:30,25.33,8.29,62.82
27/06/2021,8:30,28.12,9.29,56.41
27/06/2021,9:30,32.70,7.29,41.67
27/06/2021,10:30,26.71,6.58,76.24
27/06/2021,11:30,26.14,7.42,27.68
27/06/2021,12:30,28.73,9.48,29.75
27/06/2021,13:30,30.60,8.71,68.08
27/06/2021,14:30,29.67,9.80,54.02
27/06/2021,15:30,28.68,7.04,77.32
27/06/2021,16:30,26.78,8.27,36.31
27/06/2021,17:30,26.39,6.04,42.79
27/06/2021,18:30,29.10,8.56,57.51
27/06/2021,19:30,27.93,7.46,45.04
27/06/2021,20:30,31.87,8.10,74.84
27/06/2021,21:30,31.77,7.69,72.07
27/06/2021,22:30,29.83,7.85,36.39
27/06/2021,23:30,31.08,8.42,62.66
27/06/2021,0:30,31.43,7.72,49.44
27/06/2021,1:30,27.04,7.91,31.81
27/06/2021,2:30,32.15,6.12,77.09
28/06/2021,3:30,33.03,7.27,75.99
28/06/2021,4:30,31.28,8.72,80.04
28/06/2021,5:30,33.85,7.50,28.47
28/06/2021,6:30,27.09,7.09,40.41
28/06/2021,7:30,31.25,6.34,56.11
28/06/2021,8:30,31.02,8.82,40.08
28/06/2021,9:30,28.16,8.40,34.14
28/06/2021,10:30,26.81,8.48,45.06
28/06/2021,11:30,32.88,8.81,28.66
28/06/2021,12:30,27.30,6.20,69.20
28/06/2021,13:30,26.80,7.72,45.20
28/06/2021,14:30,27.36,7.59,38.80
28/06/2021,15:30,30.89,7.92,44.60
28/06/2021,16:30,28.17,6.22,36.10
28/06/2021,17:30,31.59,8.38,62.19
28/06/2021,18:30,28.66,8.74,34.74
28/06/2021,19:30,25.02,7.83,28.99
28/06/2021,20:30,30.12,6.65,37.88
28/06/2021,21:30,28.43,7.59,57.58
28/06/2021,22:30,29.41,7.67,28.71
28/06/2021,23:30,25.49,7.54,47.88
28/06/2021,0:30,31.92,9.66,25.15
28/06/2021,1:30,27.89,7.86,51.08
28/06/2021,2:30,30.52,9.54,80.40
29/06/2021,3:30,29.18,9.95,31.47
29/06/2021,4:30,28.67,8.61,53.92
29/06/2021,5:30,25.74,7.84,37.08
29/06/2021,6:30,27.43,6.91,73.49
29/06/2021,7:30,31.70,6.50,44.68
29/06/2021,8:30,32.65,6.49,57.07
29/06/2021,9:30,27.68,6.76,31.43
29/06/2021,10:30,29.97,9.33,78.41
29/06/2021,11:30,30.90,8.96,69.01
29/06/2021,12:30,31.61,7.34,72.05
29/06/2021,13:30,30.62,6.98,80.99
29/06/2021,14:30,25.48,9.40,51.17
29/06/2021,15:30,32.85,7.16,75.03
29/06/2021,16:30,29.61,9.16,64.10
29/06/2021,17:30,28.69,8.45,68.71
29/06/2021,18:30,30.96,7.54,74.35
29/06/2021,19:30,30.19,7.17,72.77
29/06/2021,20:30,33.27,7.25,25.25
29/06/2021,21:30,30.26,7.95,57.02
29/06/2021,22:30,28.40,7.08,43.87
29/06/2021,23:30,28.07,9.00,35.40
29/06/2021,0:30,29.73,7.82,76.17
29/06/2021,1:30,27.84,6.63,63.35
29/06/2021,2:30,28.50,7.69,47.90
30/06/2021,3:30,29.48,7.24,32.48
30/06/2021,4:30,31.38,6.96,81.90
30/06/2021,5:30,27.61,7.65,48.96
30/06/2021,6:30,31.10,8.30,76.36
30/06/2021,7:30,28.44,6.21,43.66
30/06/2021,8:30,33.56,9.45,47.06
30/06/2021,9:30,30.13,7.78,69.97
30/06/2021,10:30,29.22,7.94,68.19
30/06/2021,11:30,33.01,6.79,36.73
30/06/2021,12:30,26.46,8.32,61.31
30/06/2021,13:30,31.42,7.27,57.25
30/06/2021,14:30,29.77,6.29,49.95
30/06/2021,15:30,29.02,7.93,56.05
30/06/2021,16:30,32.28,7.90,58.01
30/06/2021,17:30,26.98,8.95,56.58
30/06/2021,18:30,28.35,7.69,57.32
30/06/2021,19:30,29.19,7.67,57.33
30/06/2021,20:30,33.39,6.68,49.45
30/06/2021,21:30,26.59,7.46,29.16
30/06/2021,22:30,31.03,9.37,76.70
30/06/2021,23:30,30.13,7.58,40.21
01/07/2021,0:30,31.60,6.53,50.75
01/07/2021,1:30,32.66,6.41,57.77
01/07/2021,2:30,26.17,8.49,90
01/07/2021,3:30,29.48,7.24,32.48
01/07/2021,4:30,31.38,6.96,81.90
01/07/2021,5:30,27.61,7.65,48.96
01/07/2021,6:30,31.10,8.30,76.36
01/07/2021,7:30,28.44,6.21,43.66
01/07/2021,8:30,33.56,9.45,47.06
01/07/2021,9:30,30.13,7.78,69.97
01/07/2021,10:30,30.12,7.0,88.19
01/07/2021,00:30,26.00,6.88,83.09
